{"bfs": 10, "goal": [-40.91, 19.21, -0.14999999999999858, -1.3200000000000003], "w": [[-2578.6418978446627, 2400.926046077411, 4620.837421789251, 2884.182952040815, 855.9618973506344, -1048.844022603315, -3247.563016206445, -5132.129231447883, -5628.853085012261, -5103.708978668215], [3407.6236878926657, -1420.5065055843752, -4986.488802306896, -3574.3938015696262, -1627.8115024540182, -84.83115602188607, 2040.4493795724536, 4033.393420687461, 5521.954256573307, 5575.270335200431], [2894.569671525747, -2060.6746862885498, -4754.896221205753, -2974.8493227388235, -1014.7328301360351, 698.9182999768223, 2859.236699343492, 4713.034846707857, 5727.190538685724, 5272.738181099783], [2717.2908745030595, -2354.497786240863, -4695.243031854773, -2837.0656532262988, -853.0425512211546, 867.9949586720852, 2970.043180831981, 4859.361186867259, 5805.708668889438, 5335.685447025494]], "ay": [25.0, 25.0, 25.0, 25.0], "y0": [-4.25, -16.86, -37.98, -39.44], "dt": 0.01, "type": "rhythmic", "by": [6.25, 6.25, 6.25, 6.25], "dmps": 4}